Gender_ID,Gender_code,Person_ID,Gender_dsc
1,F,1,Female
2,M,2,Male
3,M,3,Male
4,F,4,Female
5,F,5,Female
6,F,6,Female
7,F,7,Female
8,M,8,Male
9,F,9,Female
10,M,10,Male
11,F,11,Female
12,F,12,Female
13,F,13,Female
14,F,14,Female
15,F,15,Female
16,F,16,Female
17,M,17,Male
18,F,18,Female
19,M,19,Male
20,F,20,Female
21,F,21,Female
22,F,22,Female
23,F,23,Female
24,M,24,Male
25,F,25,Female
26,M,26,Male
27,F,27,Female
28,M,28,Male
29,M,29,Male
30,F,30,Female
31,F,31,Female
32,F,32,Female
33,F,33,Female
34,F,34,Female
35,M,35,Male
36,F,36,Female
37,M,37,Male
38,F,38,Female
39,F,39,Female
40,M,40,Male
41,M,41,Male
42,F,42,Female
43,F,43,Female
44,F,44,Female
45,F,45,Female
46,M,46,Male
47,F,47,Female
48,M,48,Male
49,F,49,Female
50,F,50,Female
51,F,51,Female
52,F,52,Female
53,F,53,Female
54,F,54,Female
55,M,55,Male
56,F,56,Female
57,M,57,Male
58,F,58,Female
59,F,59,Female
60,F,60,Female
61,F,61,Female
62,M,62,Male
63,F,63,Female
64,M,64,Male
65,F,65,Female
66,M,66,Male
67,M,67,Male
68,F,68,Female
69,F,69,Female
70,F,70,Female
71,F,71,Female
72,F,72,Female
73,M,73,Male
74,F,74,Female
75,M,75,Male
76,F,76,Female
77,F,77,Female
78,M,78,Male
79,F,79,Female
80,M,80,Male
81,F,81,Female
82,M,82,Male
83,M,83,Male
84,F,84,Female
85,F,85,Female
86,F,86,Female
87,F,87,Female
88,F,88,Female
89,M,89,Male
90,F,90,Female
91,F,91,Female
92,F,92,Female
93,F,93,Female
94,F,94,Female
95,M,95,Male
96,F,96,Female
97,M,97,Male
98,F,98,Female
99,F,99,Female
100,F,100,Female
101,M,101,Male
102,F,102,Female
103,M,103,Male
104,F,104,Female
105,M,105,Male
106,M,106,Male
107,F,107,Female
108,F,108,Female
109,F,109,Female
110,F,110,Female
111,F,111,Female
112,M,112,Male
113,F,113,Female
114,M,114,Male
115,F,115,Female
116,F,116,Female
117,M,117,Male
118,F,118,Female
119,M,119,Male
120,F,120,Female
121,M,121,Male
122,M,122,Male
123,F,123,Female
124,F,124,Female
125,F,125,Female
126,F,126,Female
127,F,127,Female
128,M,128,Male
129,F,129,Female
130,F,130,Female
131,F,131,Female
132,M,132,Male
133,F,133,Female
134,M,134,Male
135,F,135,Female
136,M,136,Male
137,M,137,Male
138,F,138,Female
139,F,139,Female
140,F,140,Female
141,F,141,Female
142,F,142,Female
143,M,143,Male
144,F,144,Female
145,F,145,Female
146,F,146,Female
147,F,147,Female
148,M,148,Male
149,F,149,Female
150,M,150,Male
151,F,151,Female
152,M,152,Male
153,M,153,Male
154,F,154,Female
155,F,155,Female
156,F,156,Female
157,F,157,Female
158,F,158,Female
159,M,159,Male
160,F,160,Female
161,F,161,Female
162,F,162,Female
163,F,163,Female
164,M,164,Male
165,F,165,Female
166,M,166,Male
167,F,167,Female
168,M,168,Male
169,M,169,Male
170,F,170,Female
171,F,171,Female
172,F,172,Female
173,F,173,Female
174,F,174,Female
175,M,175,Male
176,F,176,Female
177,F,177,Female
178,F,178,Female
179,F,179,Female
180,M,180,Male
181,F,181,Female
182,M,182,Male
183,F,183,Female
184,M,184,Male
185,M,185,Male
186,F,186,Female
187,F,187,Female
188,F,188,Female
189,F,189,Female
190,F,190,Female
191,M,191,Male
192,F,192,Female
193,M,193,Male
194,M,194,Male
195,F,195,Female
196,M,196,Male
197,F,197,Female
198,M,198,Male
199,M,199,Male
200,F,200,Female
201,M,201,Male
202,F,202,Female
203,F,203,Female
204,M,204,Male
205,M,205,Male
206,M,206,Male
207,F,207,Female
208,M,208,Male
209,F,209,Female
210,F,210,Female
