Video_id,Video_title,Video_Tags,Person_ID,Min_age,Publish_date,Category_id,Views,Likes,Dislikes
1,Deadpool 2 ,#deadpool #marvel #marvelcomics #mcu #actionmovies #marvelstudios #action #comedy #superhero #scienefiction ,39,U13,22-03-2018,7,8100000,11050,2500
2,Tom and Jerry show,#WBKids #KidsCartoons #TomandJerry #Kidshow #Animatedshow,35,U13,20-11-2000,1,300000000,1900900,50000
3,FIFA Wold Cup 2018 Highights,#worldcup #soccermatch #fifa #sports #highlights #final,113,U18,15-07-2018,6,62150000,510000,17000
4,Diana's Monochromatic Look,#influncer #makeup #fashion #beauty,101,U21,14-01-2016,8,58000,1800,360
5,veg Pulao, #pulao #pulaorecipe #vlogger,137,U18,22-12-2022,4,77,11,2
6,"Cooper Alan- ""Can't Dance"" (Official Music Video)",,162,U21,29-11-2021,6,2569833,64000,1000
7,WE WANT TO TALK ABOUT OUR MARRIAGE,SHANtell martin,78,U13,14-04-2014,9,5711697,44637,159
8,The Trump Presidency: Last Week Tonight with John Oliver (HBO),"last week tonight trump presidency|""last week tonight donald trump""|""john oliver trump""|""donald trump""",19,U13,21-07-2012,5,3877447,65971,48738
9,"Racist Superman | Rudy Mancuso, King Bach & Lele Pons","racist superman|""rudy""|""mancuso""|""king""|""bach""|""racist""|""superman""|""love""|""rudy mancuso poo bear black white official music video""|""iphone x by pineapple""|""lelepons""|""hannahstocking""|""rudymancuso""|""inanna""|""anwar""|""sarkis""|""shots""|""shotsstudios""|""alesso""|""anitta""|""brazil""|""Getting My Driver's License | Lele Pons""",61,U13,15-09-2019,2,2239585,95749,21035
10,Nickelback Lyrics: Real or Fake?,"rhett and link|""gmm""|""good mythical morning""|""rhett and link good mythical morning""|""good mythical morning rhett and link""|""mythical morning""|""Season 12""|""nickelback lyrics""|""nickelback lyrics real or fake""|""nickelback""|""nickelback songs""|""nickelback song""|""rhett link nickelback""|""gmm nickelback""|""lyrics (website category)""|""nickelback (musical group)""|""rock""|""music""|""lyrics""|""chad kroeger""|""canada""|""music (industry)""|""mythical""|""gmm challenge""|""comedy""|""funny""|""challenge""",188,U13,05-01-2013,2,2660382,92485,41623
11,I Dare You: GOING BALD!?,"ryan|""higa""|""higatv""|""nigahiga""|""i dare you""|""idy""|""rhpc""|""dares""|""no truth""|""comments""|""comedy""|""funny""|""stupid""|""fail""",174,U18,21-07-2015,5,6930360,70148,63026
12,2 Weeks with iPhone X,"ijustine|""week with iPhone X""|""iphone x""|""apple""|""iphone""|""iphone x review""|""iphone x unboxing""",62,U18,08-04-2014,10,6234818,53301,91891
13,Roy Moore & Jeff Sessions Cold Open - SNL,"SNL|""Saturday Night Live""|""SNL Season 43""|""Episode 1730""|""Tiffany Haddish""|""Roy Moore""|""Mikey Day""|""Mike Pence""|""Beck Bennett""|""Jeff Sessions""|""Kate McKinnon""|""s43""|""s43e5""|""episode 5""|""live""|""new york""|""comedy""|""sketch""|""funny""|""hilarious""|""late night""|""host""|""music""|""guest""|""laugh""|""impersonation""|""actor""|""improv""|""musician""|""comedian""|""actress""|""If Loving You Is Wrong""|""Oprah Winfrey""|""OWN""|""Girls Trip""|""The Carmichael Show""|""Keanu""|""Taylor Swift""|""Reputation""|""Look What You Made Me Do""|""ready for it?""|""cold open""",90,U18,24-12-2021,5,3202804,56439,15156
14,5 Ice Cream Gadgets put to the Test,"5 Ice Cream Gadgets|""Ice Cream""|""Cream Sandwich Maker""|""gadgets""|""gadget review""|""review""|""unboxing""|""kitchen gadgets""|""Gadgets put to the Test""|""testing""|""10 Kitchen Gadgets""|""7 Camping Coffee Gadgets""|""10 Kitchen Gadgets put to the Test""",147,U21,07-02-2009,6,1758924,57048,34765
15,The Greatest Showman | Official Trailer 2 [HD] | 20th Century FOX,"Trailer|""Hugh Jackman""|""Michelle Williams""|""Zac Efron""|""Zendaya""|""Rebecca Ferguson""|""pasek and paul""|""la la land""|""moulin rouge""|""high school musical""|""hugh jackman musical""|""zac efron musical""|""musical""|""the greatest showman""|""greatest showman""|""Michael Gracey""|""P.T. Barnum""|""Barnum and Bailey""|""Barnum Circus""|""Barnum and Bailey Circus""|""20th century fox""|""greatest showman trailer""|""trailer""|""official trailer""|""the greatest showman trailer""|""logan""|""Benj Pasek""|""Justin Paul""",46,U13,29-07-2014,9,8044539,97451,99130
16,Why the rise of the robots won’t mean the end of work,"vox.com|""vox""|""explain""|""shift change""|""future of work""|""automation""|""robots""|""jobs""|""technological unemployment""|""joss fong""|""heidi shierholz""|""martin ford""|""rise of the robots""|""humans""|""workers""|""employment""|""economics""|""macroeconomics""|""silicon valley""|""basic income""",14,U13,02-05-2010,5,4657093,70896,5616
17,Dion Lewis' 103-Yd Kick Return TD vs. Denver! | Can't-Miss Play | NFL Wk 10 Highlights,"NFL|""Football""|""offense""|""defense""|""afc""|""nfc""|""American Football""|""highlight""|""highlights""|""game""|""games""|""sport""|""sports""|""action""|""play""|""plays""|""season""|""2017""|""rookie""|""rookies""|""recap""|""run""|""sprint""|""catch""|""huge""|""amazing""|""touchdown""|""td""|""week 9""|""wk 9""|""new england""|""patriots""|""pats""|""denver""|""broncos""|""lewis""|""kickoff""|""kick return""|""return td""|""special teams""|""sp:dt=2017-11-12T20:30:00-05:00""|""sp:vl=en-US""|""sp:st=football""|""sp:li=nfl""|""sp:ti:home=Den""|""sp:ti:away=NE""|""sp:scp=athlete_in_match""|""sp:ty=high""|""nfl-lewdio""",76,U13,28-03-2016,8,742856,84219,87758
18,(SPOILERS) 'Shiva Saves the Day' Talked About Scene Ep. 804 | The Walking Dead,"The Walking Dead|""shiva""|""tiger""|""king ezekiel""|""episode 804""|""episode 4""|""some guy""|""sad""|""zombies""|""all out war""|""war""|""walkers""|""the kingdom""|""the saviors""|""Rick""|""Rick Grimes""|""Negan""|""Ezekiel""|""Daryl""|""Michonne""|""Morgan""|""Carl""|""Dwight""|""Jeffrey Dean Morgan""|""Andrew Lincoln""|""Norman Reedus""|""Danai Gurira""|""Lennie James""|""robert kirkman""|""scott m. gimple""|""apocalypse""|""season""|""season 8""|""alexandria""|""AMC""|""tv""|""tv show""|""television""|""11/12_TWD""|""Featured""",136,U18,27-01-2020,2,7819279,41070,49245
19,Marshmello - Blocks (Official Music Video),"marshmello|""blocks""|""marshmello blocks""|""blocks music video""|""marshmello music video""|""roblox bully story""|""marshmello alone""|""roblox""|""cuphead""|""marshmello nightcore""|""marshmello musically""|""music for kids""|""happy music""|""videos that make you happy""|""sad songs""|""childrens music""|""joytime""|""marshmello joytime""|""frat bro""|""band""|""high school""|""crush""|""mellogang""",120,U18,17-07-2012,8,4301723,71640,58999
20,Which Countries Are About To Collapse?,"nowthis|""nowthis world""|""world news""|""nowthis news""|""international news""|""countries""|""collapse""|""failing countries""|""war in the world""|""fragile states""|""the fragile states index""|""fund for peace""|""social""|""economic""|""political""|""which countries are failing""|""Central African Republic""|""CAR""|""countries that are sinking""|""countries that are dying""|""countries that are going to disappear""|""Somalia""|""colonization""|""dictatorship""|""south sudan""",63,U13,21-11-2013,4,4666850,89095,34783
21,SHOPPING FOR NEW FISH!!!,"shopping for new fish|""new fish""|""aquarium fish""|""aquarium""|""uarujoey""|""king of diy""|""aquarium gallery""|""the king of diy""|""fish tank""|""fish (animal)""|""diy king""|""arowana""|""flower horn""|""fish""",94,U13,11-11-2018,6,9727683,65675,29619
22,The New SpotMini,"Robots|""Boston Dynamics""|""SpotMini""|""Legged Locomotion""|""Dynamic robot""",29,U13,27-09-2018,2,3530426,74292,56215
23,One Change That Would Make Pacific Rim a Classic,"pacific rim|""pacific rim 2""|""pacific rim sequel""|""Guillermo del Toro""|""Cracked""|""cracked.com""|""sketch""|""comedy""|""funny""|""spoof""|""laugh""|""satire""|""parody""|""hilarious""|""spoofs""|""josh sargent""|""fix a movie""|""how to fix""|""charlie day""|""idris elba""|""fighting robots""|""fight scenes""|""pacific rim problems""|""pacific rim epic""|""pacific rim comic con""|""pacific rim characters""|""pacific rim robots""|""pacific rim machines""|""mako mori""|""fan theory""|""headcanon""|""how it should have ended""",125,U18,12-10-2006,4,5423032,45774,38816
24,How does your body know you're full? - Hilary Coller,"TED|""TED-Ed""|""TED Education""|""TED Ed""|""Hilary Coller""|""Sashko Danylenko""|""hunger""|""fullness""|""appetite""|""food""|""stomach""|""digestion""|""vagus nerve""|""hypothalamus""|""hormones""|""endocrine cells""|""digestive system""|""intestine""|""ghrelin""|""insulin""|""leptin""|""water""|""fiber""|""protein""",41,U13,15-07-2012,10,9613401,57732,73881
25,HomeMade Electric Airplane,"ultralight|""airplane""|""homemade""|""DIY""|""hoverbike""|""part 103""|""ultra light""|""aircraft""|""aviation""|""do it yourself""|""basement""|""petersripol""|""peter sripol""|""biplane""|""flitetest""|""flite test""|""electric vehicle""|""electric""",165,U13,01-07-2008,7,9748250,72790,40212
26,Founding An Inbreeding-Free Space Colony,"SciShow|""science""|""Hank""|""Green""|""education""|""learn""|""stefan chin""|""mars""|""colony""|""genetic diversity""|""founder effect""|""alleles""|""effective population size""|""mutations""|""interstellar mission""|""acta astronautica""|""Founding An Inbreeding-Free Space Colony""",148,U21,27-08-2009,2,8766825,39693,85325
27,How Can You Control Your Dreams?,"life noggin|""life noggin youtube""|""youtube life noggin""|""life noggin channel""|""education""|""education channel""|""life noggin face reveal""|""edutainment""|""edutainment videos""|""blocko""|""blocko life noggin""|""science""|""technology""|""educational""|""school""|""lucid dream""|""lucid dreaming""|""control your dreams""|""how to control your dreams""|""how to lucid dream""|""sleep""|""dreaming""|""nightmare""|""dream""|""REM sleep""|""what is lucid dreaming""|""sleep study""|""brain activity""|""consciousness""|""PTSD""|""lucid dreaming experience""",194,U18,14-09-2022,2,9693089,63998,80855
28,The Making of Hela's Headdress from Thor: Ragnarok,"tested|""testedcom""|""designercon 2017""|""preview""|""toys""|""props""|""costumes""|""ironhead studio""|""marvel""|""thor""|""thor 3""|""thor ragnorok""|""thor ragnarok""|""hela""|""helmet""|""cosplay""|""headdress""|""costume""",117,U13,20-04-2014,1,8836871,44847,99904
29,Is It Dangerous To Talk To A Camera While Driving?,"tom scott|""tomscott""|""built for science""|""national advanced driving simulator""|""university of iowa""|""driving simulation""|""driver safety""|""driver distraction""",36,U18,19-10-2011,1,7256099,41860,25264
30,"What $4,800 Will Get You In NYC | Sweet Digs Home Tour | Refinery29","refinery29|""refinery 29""|""r29""|""r29 video""|""video""|""refinery29 video""|""female""|""empowerment""|""house tour""|""sweet digs""|""new york city""|""apartment decor""|""interior design""|""home tour""|""big apple""|""real estate""|""apartment""|""new apartment tour""|""bedroom tour""|""new apartment""|""house tour 2017""|""living room""|""living room decor""|""walk through""|""nyc apartment""|""new house""|""kitchen tour""|""modern home""|""decorating on a budget""|""my new house""|""moving out""|""video blog""|""manhattan""|""NY""|""central park""",195,U13,14-11-2022,6,1605676,97523,46908
31,Using Other People's Showers,"using other peoples showers|""gus""|""gus shower""|""other people shower""|""ketchup shower""|""funny bathroom""|""funny""|""gustoonz""|""gus johnson""|""gus other peoples showers""|""funny video""|""trending""|""youtube trending""|""trending video""|""viral video""|""advertiser friendly""|""family friendly""|""clean""|""shower joke""|""sketch comedy""|""youtube haiku""|""shower meme""|""meme""|""new meme""|""meme 2017""|""meme 2018""",55,U18,13-02-2008,2,2273021,42513,29810
32,SPAGHETTI BURRITO VS SPAGHETTI BURRITO,"spaghetti burrito|""diy burrito""|""spaghetti""|""burrito""|""burrito recipe""|""spaghetti deep fried""|""deep fried spaghetti""|""spgahetti sandwich""|""giant burrito""",127,U13,10-05-2016,7,5543828,58481,81418
33,78557 and Proth Primes - Numberphile,"numberphile|""prime numbers""|""proth prime""",21,U13,16-08-2007,9,3702409,55101,16223
34,A Smart... MUG?! - Take apart a Heated Thermos!,"Smart mug|""Heated thermos""|""tech""|""gift idea""|""unboxed""|""Ember mug""|""ember""|""Ember review""|""Heated mug""|""teardown""|""technology""|""Thermous""|""winter""|""holiday""|""christmas""|""gift""|""mug""|""unboxing""",178,U13,20-09-2007,3,2233843,50730,81279
35,LeBron James admits he was ripping Phil Jackson and thinks DeShaun Watson should be the Browns qu...,auth-jvardon-auth,129,U13,16-10-2015,3,5447545,93002,25968
36,Nick Andopolis: Drummer,"freaks and geeks|""jason segel""|""judd apatow""|""drums""|""rush""|""paul feig""|""drummer""|""nick andopolis""",75,U21,19-04-2022,8,4267992,94603,85220
37,"I TOOK THE $3,000,000 LAMBO TO CARMAX! They offered me......","carmax|""lamborghini miura""|""miura carmax""|""lamborghini carmax""|""took lamborghini to carmax""|""supercar carmax""|""selling my car at acrmax""|""lambo carmax""|""stradman""|""vehicle virgins""|""doug demuro""",178,U18,07-07-2017,3,6689432,74946,4985
38,Amazon Christmas Advert 2017 - Toys & Games,"Amazon|""Amazon Christmas""|""Amazon Xmas""|""Christmas""|""Xmas""|""ad""|""christmas ad""|""commercial""|""Holidays""|""advert""|""christmas advert""|""Amazon ad""|""UK""|""Amazon Christmas Advert""|""Christmas (Holiday)""|""Amazon Christmas advert 2017""|""Amazon xmas ad 2017""|""Amazon Holiday Advert""|""Delivery""|""Gift""|""Amazon Delivery""|""boxes""|""singing boxes""|""smile""|""give a littlle bit""|""Roger Hodgson - Give a Little Bit""|""Roger Hodgson""",88,U13,02-07-2011,8,3992740,63316,35408
39,Eminem - Walk On Water (Audio) ft. Beyoncé,"Eminem|""Walk""|""On""|""Water""|""Aftermath/Shady/Interscope""|""Rap""",194,U13,04-01-2015,10,5545724,65027,29193
40,What's Inside a Detectives Car?,"detective|""officer""|""401""|""officer401""|""police""|""cop""|""cops""|""law""|""enforcement""|""investigator""|""ford""|""fusion""|""crown vic""|""charger""|""dodge""|""patrol""|""cid""|""criminal""|""investigations""|""division""|""mre""|""survival food""|""trunk""|""2011""|""2012""|""2013""|""2014""|""2015""|""2016""|""2017""|""fusion se""|""ford fusion""|""ford fusion se""|""vest""|""outter""|""carrier""|""bullet-proof""|""bullet-proof vest""|""level 2 armor""|""level 3 armor""",155,T21,28-09-2021,4,1852612,60350,37407
41,New Emirates First Class Suite | Boeing 777 | Emirates,"Emirates|""First Class""",193,U18,06-10-2005,7,6985818,95049,43621
42,Me-O Cats Commercial,"cute|""cats""|""thai""|""eggs""",178,U21,31-01-2021,6,5327262,36616,91243
43,TL;DW - Every DCEU Movie Before Justice League,"screenjunkies|""screen junkies""|""sj news""|""honest trailers""|""honest trailer""|""wonder woman""|""batman""|""superman""|""the joker jared leto""|""man of steel""|""justice league""|""justice league review""|""batman vs superman""|""bvs""|""dceu""|""dc movie plot""|""justice league plot""|""wonder woman plot""|""batman plot""|""motherbox""|""justice league trailer""|""suicide squad""|""will smith""|""deadshot""|""joker harley quinn""|""margot robbie""|""suicide squad review""|""dc marvel""",91,U18,03-05-2012,10,5974625,81686,64359
44,Hunter Hayes - You Should Be Loved (Part One Of Pictures),"Hunter|""Hayes""|""you should be loved""|""the shadowboxers""|""pictures""|""part one""|""official""|""music video""|""trilogy""|""hunter hayes""|""wanted""|""i want crazy""|""storm warning""",111,U13,13-04-2020,7,3998852,50958,49349
45,Celebrities on Thanksgiving 2017!,"niki and gabi|""nikiandgabibeauty""|""celebrities on thanksgiving""|""celebrities""|""thanksgiving""|""celebrity thanksgiving""|""thanksgiving 2017""|""celebrities in high school""|""celebrities at prom""|""celebrities have a sleepover""|""celebrity talent show""|""celebrities at the beach""|""taylor swift""|""parody""|""comedy""",126,U18,21-07-2005,7,8542571,58910,7566
46,Nickelback - The Betrayal Act III [Official Video],"Nickelback|""Feed The Machine""|""The Betrayal Act III""|""The Betrayal""|""Rock""|""Alternative""|""Anthem Films""|""Kevin Slack""|""Chad Kroeger""|""Ryan Peake""|""Mike Kroeger""|""Daniel Adair""|""How You Remind Me""|""Rockstar""",106,U18,18-10-2007,5,11101,97887,88375
47,U2 - The Blackout,"U2|""The""|""Blackout""|""Island""|""Records""|""Rock""",133,U13,06-01-2015,5,336548,45349,33938
48,Iraq-Iran earthquake: Deadly tremor hits border region - BBC News,"bbc|""bbc news""|""news""|""iran""|""iran news""|""iraq""|""iraq news""|""earthquake""|""breaking news""|""Iraq-Iran earthquake""",192,U13,09-11-2014,6,1619583,93719,20299
49,Dennis Smith Jr. and LeBron James go back and forth,[none],9,U18,23-01-2010,5,2273953,36826,61642
50,Matthew Santoro - FACTS (Official Music Video) f. Ellevan & Humble the Poet,"matthew santoro facts|""music video""|""matthew santoro""|""Ellevan""|""EllevanMusic""|""HumbleThePoet""|""Humble The Poet""|""FACTS""|""whats that facts""",72,U13,29-10-2014,9,4053899,67639,94438
51,"AFFAIRS, EX BOYFRIENDS, $18MILLION NET WORTH - GOOGLE US | Shawn and Andrew","shawn johnson|""andrew east""|""shawn east""|""shawn and andrew""|""olympian""|""nfl player""|""athletes""|""vlog""|""couples""|""google irl""|""google feud""|""google markiplier""|""google myself""|""challenge""|""reactions""|""reacts""|""internet""|""memes""|""funny""|""birthday""|""cringe""|""laughing""|""daily""|""vlogger""|""stupid""|""cute""|""boy""|""diy""|""google""|""myself""|""googled""|""googling""|""liza""|""lizakoshy""|""wednesdays""|""liza koshy""|""googling myself""|""liza koshy net worth""|""liza koshy google""|""liza facts""|""liza panties""|""net worth""|""youtuber net worth""|""youtuber facts""",7,U13,05-01-2021,6,9773932,81281,66472
52,iPhone X vs Makeup Transformation (Face ID TEST),"iphone x|""iphonex makeup""|""iphonex test""|""new iphone""|""iphone vs makeup""|""face id""|""face id test""|""iphone x challenge""|""iphone hack""|""iphone x makeup tutorial""|""makup tutorial""|""2017 makeup""|""promise phan""|""twins face id""|""twins iphonex""|""iphonex face""|""iphonex review""",190,U13,03-10-2020,5,1306776,99001,728
53,People are Awesome & The Pet Collective present Pets are Awesome!,"people are awesome|""people are awesome 2017""|""youtube""|""hd""|""compilation""|""humans""|""amazing people""|""incredible""|""gopro""|""gopro hero""|""extreme sports""|""adventure travel""|""people are awesome videos""|""PAA""|""the pet collective""|""pet collective TV""|""I love my pets""|""awesome pets""|""pets are awesome""|""Adventure Pup""|""Adventure Dogs""|""Good Doggo""|""Adventure Cats""|""Surfing""|""snowboarding""|""skiing""|""wakeboarding""",146,U18,14-05-2006,5,7174596,91623,29644
54,Stephon Marbury and Jimmer Fredette fight in China,"NBA|""Basketball""|""Sports""",170,U13,16-06-2017,3,2048202,91854,6071
55,Heidelberg's nifty hook-and-lateral to the left tackle,"D3sports|""NCAA Division III""|""D3sports.com""|""D3football.com""|""Division III football""|""#d3fb""|""college football""|""Division III (Sports Association)""",144,U18,08-01-2015,8,8682227,83242,9151
56,"ELDERS REACT TO iPHONE X (Facial Recognition, Animojis)","iPhone X|""animojis""|""facial recognition""|""ELDERS REACT TO iPHONE X Facial Recognition Animojis""|""elders react""|""react""|""reaction""|""thefinebros""|""fine brothers""|""fine brothers entertainment""|""finebros""|""fine bros""|""FBE""|""watch""|""review""|""for the first time""|""reviews""|""responds""|""respond""|""youtubers react""|""teens react""|""kids react""|""adults react""|""parents react""|""teenagers react""|""iphone""|""apple""|""iphone 8""",190,U18,31-12-2010,1,4861754,94755,8757
57,Will It Watermarble?! Sister Edition | Watermarbling 9 random objects in nail polish!,"nails|""nail art""|""nail tutorial""|""beauty tutorial""|""nail art tutorial""|""diy nails""|""easy nail art""|""diy nail art""|""cute nail art""|""simply nailogical""|""simplynailogical sister""|""simplynailogical jen""|""jenny""|""iphone""|""what's on my iphone""|""phone games""|""best fiends""|""sister fun""|""watermarble""|""will it watermarble""|""simplynailogical watermarble""|""watermarble nails""|""watermarble objects""|""hydrodipping""|""marble""|""nail polish marble""",24,T21,26-11-2020,4,4579152,70570,92020
58,Lin-Manuel Miranda's next act: Helping rebuild Puerto Rico,"CBS Sunday Morning|""CBS News""|""news""|""On The Road""|""lin manuel miranda""|""puerto rico""|""hamilton""|""hurricane maria""",175,U13,17-02-2020,2,5953764,58236,53951
59,"Wildest Superstar distractions: WWE Top 10, Nov. 11, 2017","wwe|""world wrestling entertainment""|""wrestling""|""wrestler""|""wrestle""|""superstars""|""कुश्ती""|""पहलवान""|""डब्लू डब्लू ई""|""मैच""|""सुपरस्टार""|""व्यावसायिक कुश्ती""|""مصارعه""|""WWE Top 10""|""Stone Cold Steve Austin""|""Undertaker""|""Kurt Angle""|""Kofi Kingston""|""Xavier Woods""|""Big E""|""Christian""|""Dean Ambrose""|""John Cena""|""Boogeyman""|""top 10""|""wwe distraction""|""wwe best distractions""|""wwe clips""|""wwe youtube""|""best of wwe""|""best wrestling distractions""",175,U13,23-11-2018,5,8938382,52875,72617
60,"Jennifer Lopez - Amor, Amor, Amor (Official Video) ft. Wisin","Jennifer Lopez ft. Wisin|""Jennifer Lopez ft. Wisin Music""|""Jennifer Lopez ft. Wisin Official Video""|""Jennifer Lopez ft. Wisin Video""|""Jennifer Lopez ft. Wisin Video Oficial""|""Jennifer Lopez ft. Wisin Nuevo Video""|""Jennifer Lopez ft. Wisin New Video""|""Amor""|""Amor Official Video""|""Official Video""|""Amor Single""|""Single""|""Jennifer Lopez ft. Wisin New Single""|""Jennifer Lopez ft. Wisin Single""|""Jennifer Lopez ft. Wisin Amor""|""Jennifer""|""Lopez""",134,U18,19-02-2020,7,3981034,96416,99479
61,BLIND(folded) CAKE DECORATING CONTEST (with Molly Burke) // Grace Helbig,"itsgrace|""funny""|""comedy""|""vlog""|""grace""|""helbig""|""gracehelbig""|""dailygrace""|""daily""|""tutorial""|""diy""|""lifestyle""",137,U21,12-03-2016,1,6712602,73270,92760
62,Jason Momoa Wows Hugh Grant With Some Dothraki | The Graham Norton Show,"Graham Norton|""Graham Norton Show Official""|""Entertainment""|""Chat Show""|""Graham Norton full episodes""|""the graham Norton show full eps""|""graham Norton full eps""|""watch graham Norton online""|""jason momoa""|""hugh grant""|""sarah millican""|""kelly clarkson""|""graham norton red chair""|""game of thrones""",80,T21,16-09-2011,9,6482590,82629,80776
63,JaVale McGee's Parking Lot Chronicles: Episode 3,"javale mcgee|""golden state warriors""|""kevin durant""|""oakland""|""bay area""|""san francisco""|""oracle arena""|""e40""|""e-40""|""hip hop""|""rap""|""beats""|""beats by dre""|""life goes on""|""arthur""|""renowitzky""|""klay thompson""|""minnesota timberwolves""|""nick young""|""swaggy p""",169,U13,05-08-2014,9,5861167,52960,15534
64,Kellyanne Conway on Roy Moore This Week Abc: Trump’s Not Being Briefed On This Bit By Bit 11/12/17,"KELLYANNE CONWAY ROY MOORE|""KELLYANNE CONWAY ROY MOORE THIS WEEK ABC""|""KELLYANNE CONWAY ROY MOORE THIS WEEK""|""KELLYANNE CONWAY THIS WEEK ABC 11/12/17""|""KELLYANNE CONWAY THIS WEEK ABC""|""KELLYANNE CONWAY""|""ROY MOORE""|""THIS WEEK ABC""|""POLITICS""",11,T21,14-02-2008,4,4265936,58627,92374
65,Train Swipes Parked Vehicle,"2017|""viralhog""|""Crash""|""Fail""|""Featured""|""train""|""swipe""|""crashes""|""destroy""|""destroys""|""vehicle""|""parked""|""car""|""truck""|""Vietnam""|""accident""|""collision""|""trending""",17,U13,14-12-2018,5,8818662,92598,17771
66,Daddy's Home 2 - Movie Review,"daddy's home|""daddy's home 2""|""mel gibson""|""john lithgow""|""family""|""christmas""|""movie""|""review""|""Awesometacular""|""jeremy jahns""",144,U13,19-10-2009,2,6160057,88764,62431
67,The Super Google Pixel 2 Camera Upgrade!,"Google|""Pixel 2""|""Pixel 2 XL""|""Pixel 2 Camera""|""Moment Lens""|""Pixel 2 Moment case""|""Moment Case Lens""|""Smartphone""|""2017""|""Apple""|""google pixel""|""apple iphone x""|""pixel 2 xl review""|""iphone 8""|""iphone""|""google pixel 2""|""camera""|""google pixel xl""|""pixel 2 unboxing""|""review""|""iphone x""|""pixel""|""android""|""tech""|""jonathan morrison""|""tld""",170,U13,15-04-2013,6,3996865,98587,66470
68,"7.3 Magnitude Earthquake Along Iraq-Iran Border Leaves At Least 400 Dead, 7,200 Injured | TIME","7.3 magnitude earthquake|""earthquake iraq iran""|""iraq iran earthquake""|""earthquake""|""iraq""|""iran""|""breaking news""|""iraq-iran earthquake""|""pakistan""|""iran earthquake""|""iran news""|""iraq news""|""iran-iraq earthquake""|""iraq earthquake""|""magnitude""|""7.3 magnitude""|""iraq-iran""|""iran iraq earthquake""|""iran iraq border earthquake""|""400 dead iran iraq earthquake""|""Time""|""time magazine""|""magazine""|""time (magazine)""|""time.com""|""news today""|""world news""|""interview""|""science""|""technology""|""health""|""politics""|""entertainment""|""business""",86,U13,06-12-2009,6,7376344,47212,83067
69,#VeteransDay: Thank You for Everything,"vets|""veterans day""|""veterans""|""youtube""|""veteransday""|""veterans day 2017""",188,U13,14-04-2016,1,2132663,47683,10581
70,G-Eazy - The Plan (Official Video),"BPG/RVG/RCA Records|""G-Eazy""|""Rap""|""The Plan""",157,U13,11-06-2013,3,6359287,41547,41240
71,U.S. Navy Three Carrier Formation in Western Pacific Ocean,"navy|""united states navy""|""us navy""|""military""|""sailors""|""united states""|""america""|""usa""|""usn""|""service members""",63,U13,05-04-2019,4,7433968,47882,65972
72,Batman: Gotham by Gaslight - Exclusive Trailer (2018),"IGN|""Batman""|""Trailer""|""Elseworlds""|""DC Comics""|""DC Universe Movie""|""Warner Bros. Home Entertainment""|""batman gotham by gaslight""|""batman animated movie""|""dc animated movie""",195,U13,24-02-2011,4,601862,73371,24517
73,Wearing Online Dollar Store Makeup For A Week,"wearing online dollar store makeup for a week|""online dollar store makeup""|""dollar store makeup""|""daiso""|""shopmissa makeup""|""shopmissa haul""|""dollar store makeup haul""|""dollar store""|""shopmissa""|""foundation""|""concealer""|""eye primer""|""eyebrow pencil""|""eyeliner""|""bronzer""|""contour""|""face powder""|""lipstick""|""$1""|""$1 makeup""|""safiya makeup""|""safiya dollar store""|""safiya nygaard""|""safiya""|""safiya and tyler""",48,U18,21-12-2011,7,8821932,74645,36941
74,Getting My Driver's License | Lele Pons,"getting my drivers license|""lele""|""pons""|""getting""|""my""|""drivers""|""license""|""terrible soccer players""|""halloween costume contest""|""first time flying""|""how to not get bullied""|""lelepons""|""hannahstocking""|""rudymancuso""|""inanna""|""anwar""|""sarkis""|""shots""|""shotsstudios""|""alesso""|""anitta""|""brazil""|""Craziest Wisdom Teeth Removal Story | Hannah Stocking""|""| Hannah Stocking""|""Hannah Stocking""",63,U13,11-06-2007,8,2218245,83665,84474
75,Watch Norman Reedus Come Face to Face with his ‘Walking Dead’ Double,"AMC|""Norman Reedus""|""The Walking Dead""|""Ride With Norman Reedus""|""Daryl""|""behind the scenes""|""INSIDER""|""pop culture""",25,U13,29-04-2013,6,8086875,94670,55226
76,John Lewis Christmas Ad 2017 - #MozTheMonster,"christmas|""john lewis christmas""|""john lewis""|""christmas ad""|""mozthemonster""|""christmas 2017""|""christmas ad 2017""|""john lewis christmas advert""|""moz""",75,U21,07-08-2010,5,8813080,89245,63739
77,Ed Sheeran - Perfect (Official Music Video),"edsheeran|""ed sheeran""|""acoustic""|""live""|""cover""|""official""|""remix""|""official video""|""lyrics""|""session""",125,U13,26-05-2016,9,106201,89179,92251
78,Top 10 iPhone Apps for Productivity & Content Creation,"best productivity apps 2017|""best iphone apps for creativity 2016""|""10 Essential Productivity Apps for iPhone and Android thomas frank""|""6 iPhone Apps You NEED in Your Life Right Now! | Best iOS Apps for Productivity (2017)""|""iphone x unboxing apple mkbhd ijustine jonathan morrison""|""apple iphone x review first impressions sara dietschy""|""sara dietschy tech""|""kingston bolt thunderbolt review""|""best apps for editing video on phone""|""best app for video editing on iphone""|""best photo editing app""",71,U18,01-01-2020,5,3172771,70253,70661
79,Reacting to Running a Half Marathon | MEGANBYTES EP. 101,"megan batoon|""comedy""|""diy""|""cooking""|""funny""|""how""|""to""|""tutorial""|""freestyle""|""improv""|""recipe""|""health""|""weight""|""loss""|""challenge""|""youtuber""|""exercise""|""health and fitness""|""family""|""react""|""reacts""|""reacting""|""marathon""|""running""|""hard""|""half marathon""|""training""|""los angeles""",122,U18,27-08-2013,2,3333342,97622,39701
80,"Justice League Reactions, Should Disney Buy Netflix - The John Campea Show","Justice LEague|""Movie""|""Reactions""|""Reviews""|""Film""|""Disney""|""Netflix""|""DC""|""Batman""|""John Campea""|""Movie News""|""Show""",17,U13,08-02-2005,8,9190161,74759,77805
81,Foster The People - Sit Next to Me (Official Video),"Foster|""The""|""People""|""Sit""|""Next""|""to""|""Me""|""(Vertical""|""Video)""|""Columbia""|""Alternative/Indie""",49,U13,08-10-2017,1,66289,84794,77698
82,Rosie O’Donnell On Donald Trump’s Hostility Toward Her | WWHL,"What What Happens live|""reality""|""interview""|""fun""|""celebrity""|""Andy Cohen""|""talk""|""show""|""program""|""Bravo""|""Watch What Happens Live""|""WWHL""|""bravo andy""|""Watch""|""What""|""Happens""|""Trump""|""Rosie O'Donnell""|""President of the United States""|""public distaste""|""Rosie O'Donnel wwhl""|""Rosie O'Donnel and Donald Trump""|""Donald Trump""|""President Trump""|""Donald Trump and Rosie O'Donnel""|""Rosie O'Donnell Watch What Happens Live""|""hillary clinton""|""rosie wwhl""|""rosie o'donnell andy cohen""|""comedian""|""plead the fifth""|""talk show""",89,U13,05-09-2022,1,5017617,75699,13108
83,Mayo Clinic's first face transplant patient meets donor’s family,"Mayo Clinic|""Health Care (Issue)""|""Healthcare Science (Field Of Study)""|""organ transplant""|""Essam and Dalal Obaid Center for Reconstructive Transplant Surgery""|""face transplant""|""plastic surgery""|""reconstructive surgery""",69,U18,11-09-2012,4,1283982,39009,43058
84,Jason Derulo - Tip Toe feat. French Montana (Official Lyric Video),"Jason Derulo|""French Montana""|""Pop""|""Other""|""Tip Toe""|""Official Music Video""|""Jason Desrouleaux""",183,U13,28-04-2008,8,2144906,57816,61854
85,Jason Momoa & Lisa Bonet: Love at First Sight,"James Corden|""The Late Late Show""|""Colbert""|""late night""|""late night show""|""Stephen Colbert""|""Comedy""|""monologue""|""comedian""|""impressions""|""celebrities""|""carpool""|""karaoke""|""CBS""|""Late Late Show""|""Corden""|""joke""|""jokes""|""funny""|""funny video""|""funny videos""|""humor""|""celebrity""|""celeb""|""hollywood""|""famous""",111,U21,21-01-2019,3,903938,58992,3710
86,Howard Stern: George Takei Talks About Harvey Weinstein and Sexually Assault,"Harvey Weinstein|""Howard Stern""|""Howard Stern Show""|""Hollywood""|""casting couch""|""angie everhart""|""robin quivers""|""george takei""|""Star Terk""|""Star Trek""|""Gay""|""Homo""|""LBGT""",86,U18,09-04-2020,4,7313654,90683,81055
87,A VERY #EXTRA EBAY SHOPPING HAUL!,"ebay|""haul""|""cheap""|""challenge""|""extra""|""amber scholl""|""online""|""shopping""|""try on""|""2017""|""CLOTHES""|""shoes""",120,U13,09-03-2016,6,6748496,46327,87361
88,EXTREME GOLDEN TAN TRANSFORMATION,"Extreme Tan|""Tanning""|""Tanning Bed""|""How to get best Tan""|""Black to White""|""White To Tan""|""How to apply fake tan""|""Tanning Routine""|""Best fake tan""|""How to tan faster in the sun""|""How to make tan last""|""tanned skin""|""tan makeup""",99,U21,31-05-2010,1,201988,81821,94147
89,Inside the Cheese-Aging Caves 30 Feet Under Brooklyn | I Got a Guy | Bon Appétit,"cave|""cheese""|""goat""|""rind""|""sheep's milk""|""crown finish caves""|""brooklyn""|""crown heights""|""aging cheese""|""affinage""|""artisanal food""|""benton brown""|""how to age cheese""|""cheese aging""|""cheese caves""|""how cheese is made""|""how to make cheese""|""how cheese is aged""|""cheese recipe""|""cheese making""|""best cheese""|""cheeses""|""how cheese aging works""|""cheese is aged""|""i got a guy""|""food""|""bon appetit""|""bon appétit""",199,U13,22-05-2007,10,6819355,53741,43931
90,Some NFL players call for an end to Thursday night football after 8 players were injured last week,"seattle|""seahawks""|""richard""|""sherman""|""nfl""|""thursday""|""night""|""football""|""injuries""|""games""|""gma""",106,U18,13-07-2018,3,4498723,39113,33876
91,ICE PRIMER? DOES IT WORK?!,"ice primer|""beauty hack""|""weird beauty hack""|""ice under foundation""|""pore minimizer""",28,U13,11-10-2017,4,9541890,78368,8593
92,Mark Ruffalo Reads Hilarious Thirst Tweets,"BuzzFeed|""buzzfeed celeb""|""Mark Ruffalo""|""Thor""|""Ragnarok""|""funny""|""thirst""|""thirsty""|""tweet""|""celeb""|""celebrity""|""interview""|""surprise""|""flattered""|""embarrassing""|""embarrassed""|""hilarious""|""LOL""|""awkward""|""daddy""|""celebrities""|""entertainment""",195,U21,01-12-2019,3,7133167,56011,63234
93,"Game Night Official Trailer #1 (2018) Rachel McAdams, Jason Bateman Comedy Movie HD","Game Night|""2018""|""Jason Bateman""|""Rachel McAdams""|""Comedy""|""Official""|""Trailer""|""Movie""|""Clip""|""TV Spot""|""International""|""Film""|""Teaser""",140,U13,10-07-2020,1,1611338,89829,54209
94,Little Big Town with Jimmy Webb - Wichita Lineman (Live from the CMA Awards),"Little|""Big""|""Town""|""with""|""Jimmy""|""Webb""|""Wichita""|""Lineman""|""(Live""|""from""|""the""|""CMA""|""Awards)""|""Country""|""Music""|""Association""|""Classic""",155,U13,09-11-2009,6,7092777,78873,45036
95,Alan Walker - All Falls Down (Behind The Scenes),"Alan Walker|""DJ Walkzz""|""K-391""|""House""|""Techno""|""Behind the senes""|""All Falls Down""|""Noah Cyrus""|""World Of Walker""|""WoW""|""Alan""|""Walker""|""EDM""|""Alone""|""Faded""|""Tired""|""The making of""|""unmasked""|""production""|""whats the trick""|""hello hello""|""Norway""|""Buzludzha""|""Bulgaria""|""Digital Farm Animals""|""electro""|""cryptogram""|""trilogy""|""walkers""|""walkers join""|""drone""|""ill be fine""|""kristian berg""|""juliander""|""allan""|""valker""|""croatia""|""Robin Bøe""",148,U13,24-08-2018,6,4929352,40227,89288
96,FANTASY (feat. Amber Liu) by SUPERFRUIT,"superfruit|""super""|""fruit""|""scott""|""hoying""|""mitch""|""grassi""|""fcute""|""weekly""|""obsessions""|""everyone""|""heres""|""good""|""song""|""dont""|""listen""|""to""|""anything""|""else""|""today""|""future""|""friends""",88,U21,02-09-2017,3,7356454,80163,94806
97,2017 Champions Showdown: Day 3,"Chess|""Saint Louis""|""Club""",138,U13,20-05-2016,10,3444147,74099,66190
98,Taylor Swift - “New Year’s Day” Fan Performance,"American Broadcasting Company|""ABC""|""ABC Network""|""Television""|""TV""|""what to watch""|""trailer""|""tv show""|""Television Program""|""Taylor Swift""|""New Year's Day""|""Performance""|""Reputation""",195,U18,23-02-2014,7,3457771,88026,6908
99,Animal Adventure Park Giraffe Cam,"Giraffe|""Zoo""|""New York""|""giraffe cam""|""Animal""|""Adventure""|""Animal Adventure""|""Harpursville""|""Park""",2,U13,13-07-2016,7,346439,87706,34647
100,How To Dry a Shirt in 30 Seconds,"how to dry a shirt in 30 seconds|""how to dry a shirt""|""life hack""|""how to quickly dry clothing""|""how to dry a shirt fast""|""quickly dry clothes""|""quickly dry clothing""|""dry a shirt fast""|""howtobasic""",6,U21,12-09-2013,2,2480156,84188,60140
101,Everything Wrong With Baby Driver In 14 Minutes Or Less,"baby driver|""edgar wright""|""everything wrong with""|""eww""|""cinemasins""|""cinema sins""|""movie""|""mistakes""|""review""",62,U18,15-09-2007,8,9838116,96798,73113
102,Kimbra - Top of the World (Official Music Video),"Kimbra|""Top of the World""|""Pop""|""Primal Heart""|""Gotye""|""Somebody I Used To Know""|""Vows""|""Settle Down""|""Cameo Lover""|""Other""|""Official Music Video""",43,T21,24-01-2020,8,9423307,40617,3249
103,Camila Cabello COMPLETELY NAILS 'Finish The Lyric',"capitalfmofficial|""capital""|""capital fm""|""capital radio""|""radio""|""official""|""remix""|""lyrics""|""official video""|""live""|""capital tv""|""interview""|""camila cabello""|""camila""|""camila fifth harmony""|""5th harmony""|""harmonizers""|""Ally Brooke""|""Ally Brooke 5th harmony""|""Ally fifth harmony""|""Ally 5th harmony""|""Normani Kordei""|""Normani 5th harmony""|""Lauren Jauregui""|""Lauren fifth harmony""|""Dinah Jane""|""Dinah 5th harmony""|""ed sheeran""|""shawn mendes""|""justin bieber""|""despacito""|""ed sheeran live""",191,U13,23-01-2013,3,4982115,39360,88774
104,Edna's registered owner thought she was dead for 2 years!!!,[none],67,U18,08-12-2015,4,9548415,73993,51984
105,When Someone Has A Crush on You | Lilly Singh,"iisuperwomanii|""iisuperwomenii""|""superwoman""|""superwomen""|""super""|""comedy""|""comedian""|""brown""|""indian""|""desi""|""punjabi""|""hindi""|""when someone has a crush on you""|""crush""|""crush on you""|""when a crush""|""crush you""|""on you""|""someone on""|""when someone""|""llsuperwomanll""|""lilly singh""|""lily singh""|""lily sing""|""lilly sing""|""IIsuperwomanII""|""someone has""|""you crush""|""when you""|""lilly""|""singh""|""when someone likes you""|""when someone has a crush""|""that feeling when""|""someone likes you""|""someone has a crush on you""|""lilly singh crush""",66,U18,27-04-2009,1,3852372,71639,43533
106,Neck Deep - Parachute (Official Music Video),"Hopeless Records|""neck deep""|""parachute""|""the peace and the panic""|""in bloom""|""tpatp""|""neckdeepuk""|""ben barlow""|""dani washington""|""fil thorpe evans""|""sam bowden""|""matt west""|""pop punk""",51,U18,30-03-2018,9,5966456,68069,12344
107,Idiot's Guide to Japanese Squat Toilets,"Japan|""Japanese""|""yt:cc=on""|""idiot's""|""guide""|""squat""|""toilets""|""washiki""|""toilet""|""japanese toilets""|""how to""|""use""|""bathroom""|""japanese bathroom""|""idiot's guide""|""和式""|""使い方""|""rachel""|""jun""|""rachel & jun""|""rachel and jun""|""日本""|""ガイド""|""面白""|""海外""|""おもしろ""|""アメリカ""|""英会話""|""英語""|""外国""|""レイチェル""|""ジュン""|""トイレ""|""ネタ""|""様式""|""便所""",43,U13,04-12-2020,2,5189212,55121,82272
108,Sam Smith surprises brides at their wedding! (At The BBC),"bbc|""music""|""bbc music""|""Sam Smith""|""Wedding""|""Sam Smith At The BBC""|""At the BBC""",62,U18,17-03-2010,1,6869025,67417,62427
109,Mark Wahlberg's Kids Use Him for His Celeb Connections,"Late Night|""Seth Meyers""|""Mark Wahlberg""|""Kids""|""Celeb Connections""|""NBC""|""NBC TV""|""television""|""funny""|""talk show""|""comedy""|""humor""|""stand-up""|""parody""|""snl seth meyers""|""host""|""promo""|""seth""|""meyers""|""weekend update""|""news satire""|""satire""|""Boogie Nights""|""Ted""|""Lone Survivor""|""Transformers""|""Daddy's Home""|""The Fighter""|""The Departed""",148,U13,08-03-2022,3,726799,36933,20743
110,H&M Holiday 2017 starring Nicki Minaj – official teaser,"H&M Holiday|""H&M Holiday Collection""|""H&M""|""Fashion""|""Nicki Minaj""|""John Turturro""|""Jesse Williams""|""Johan Renck""",51,U13,24-08-2019,6,8170239,88762,52723
111,Camila Cabello - Havana (Vertical Video) ft. Young Thug,"camila cabello|""camila""|""young thug""|""havana""|""fifth harmony""|""5h""|""harmonizers""|""crying in the club""|""omg""|""i have questions""|""know no better""|""lauren jauregui""|""dinah jane""|""normandi kordei""|""ally brooke""|""lele""|""pons""|""lelepons""|""shawn mendes""|""LeLe Pons""|""LuJuan James""|""influencers""|""instagram influencer""|""lele instagram""|""latina influencer""|""lelepons dance videos""|""lele pons dance battle""|""Camila Cabello feat. Young Thug""|""Havana""|""Pop""|""Syco Music/Epic""",164,U13,11-11-2007,10,3263888,55399,26030
112,FIRST TIME IM DOING THIS! TALKS WITH LIZA.,"liza|""lizza""|""lizzza""|""lizzzavine""|""lizzzak""|""lizzzako""|""koshy""|""lizakoshy""|""wednesdays""|""top picks topics""|""conversations""|""boob talk""|""period talk""|""girl talk""|""talking to you""|""liza q and a""|""liza topics""|""liza koshy""|""liza koshy too""|""liza koshy characters""|""tea with liza""|""boobs""|""boob size""|""breast milk""|""having kids""|""when im having kids""|""liza pregnant""|""liza david pregnant""|""liza david kids""|""naming kids""|""kids names""|""comedy""|""improv""|""sketch""|""series""",98,U13,05-06-2010,5,5581985,64015,4795
113,"Owen Wilson on Meeting Julia Roberts, and Tandem Biking","owen wilson|""owen""|""wilson""|""julia roberts""|""tandem biking""|""wonder""|""wonder the movie""|""Ellen""|""degeneres""|""ellen degeneres""|""the ellen show""|""ellen fans""|""ellen tickets""|""ellentube""|""ellen audience""",126,U13,15-11-2018,10,3126091,37356,84901
114,Surprise After Surprise | October Vlog,"jenn im|""jenn im vlog""|""imjennim""|""october vlog""|""monthly vlog""|""ben jolliffe""|""birthday vlog""|""surprise vlog""|""los angeles""",129,U13,04-11-2012,7,3812938,62716,68048
115,THE SHAPE OF WATER - Final Trailer,"Michael Shannon|""Richard Jenkins""|""Doug Jones""|""sally hawkins""|""guillermo del toro""|""the shape of water""|""shape of water""|""fox searchlight""|""fox movie""|""fox movies""|""trailer""|""new trailer""|""octavia spencer""|""hidden figures""|""Shape of water""",90,U18,05-07-2015,10,2785620,57768,23112
116,Luke Bryan - O Holy Night (Audio),"Luke|""Bryan""|""Holy""|""Night""|""Capitol""|""Records""|""Nashville""|""Holiday""",94,U13,26-11-2009,7,5540323,77901,80110
117,Niall Horan - Too Much To Ask (Acoustic),"Niall Horan|""Niall""|""Horan""|""Too Much To Ask""|""Too Much Too Ask""|""To Much To Ask""|""To Much Too Ask""|""TMTA""|""Too Much To Ask Acoustic""|""Too Much Too Ask Acoustic""|""To Much To Ask Acoustic""|""To Much Too Ask Acoustic""|""TMTA Acoustic""|""Acoustic""|""Acoustic Video""",95,U13,02-08-2008,2,9692586,57615,5223
118,Empire Of The Sun - Way To Go,"Empire|""Of""|""The""|""Sun""|""Way""|""To""|""Go""|""EMI""|""Alternative""|""eots""|""waay""|""too""|""goo""|""emipre of the sun""|""son""|""electronic""|""edm""|""australian""|""adm""|""aussie music. triplej""|""like a version""|""two leaves""|""flume""|""alison wonderland""|""cut copy""|""pnau""|""mgmt""|""hot chip""|""the presets""|""phoenix""|""hermitude""|""Nobumichi Asai""|""Ryo Kitabatake""",134,U18,05-09-2018,1,4553976,58491,15787
119,NF - Let You Down,"NF|""Let You Down""|""music video""|""official video""|""I'm sorry that I let you down""|""nfrealmusic""|""perception""|""nf official""|""hip-hop""|""rap""|""singer""",33,U13,11-07-2011,6,8381558,86893,76847
120,Google Pixelbook: $1000 of Weird!,"Google Pixelbook|""Chromebook""|""Pixel""|""$1000""|""1000 dollar""|""1000""|""expensive chromebook""|""pixelbook review""|""pixelbook pen""|""chromebook pixel""|""chromebook""|""best chromebook""|""MKBHD""",104,T21,10-08-2019,3,8306506,86402,45978
121,Bastille - World Gone Mad (from Bright: The Album) [Official Music Video],"music|""official""|""music video""|""Bright""|""Bright: The Album""|""Bright The Album""|""Bastille""|""World Gone Mad""|""Atlantic Records""|""will smith""|""orc""",21,U13,10-04-2010,7,5719408,46163,47865
122,SECRETS REVEALED! HOW I LAY MY LACE WIGS! | AALIYAHJAY,11-08-2017,123,U21,07-05-2014,1,2008819,69981,83003
123,Typical audience reaction to a bass solo...,"danny sapko|""bass""|""funk bass""|""bass solo""|""free mp3 download""|""best bass""|""davie504""|""bass boosted songs""|""MEME""|""FUNNY VIDEO""|""VIRAL VIDEO""|""COWS""|""FUNK BASS""|""funk bass solo""",113,U21,05-09-2007,6,3017046,71849,47758
124,Meryl Streep Meets Anna Wintour at Vogue,"anna wintour|""meryl streep""|""meryl streep interview""|""meryl streep harvey weinstein""|""harvey weinstein""|""meryl streep interview vogue""|""meryl streep vogue""|""anna wintour interview""|""anna wintour meryl streep""|""miranda priestly""|""meryl streep miranda priestly""|""anna""|""devil wears prada""|""vogue""|""the post""|""the post meryl streep""|""katharine graham""|""katharine graham meryl streep""|""the devil wears prada""|""vogue.com""",110,U18,13-12-2008,7,9718265,40867,74513
125,I Trained To Become Batman � (Justice League),"justice league|""dc comics""|""michelle khare""|""buzzfeed michelle""|""michelle""|""khare""|""wonderwoman""|""batman""|""I Trained Like Batman For A Month""|""I Trained Like Batman""|""extreme""|""weightloss""|""marvel""|""release""|""movie""|""trailer""|""filmselect""|""the flash""|""aquaman""|""gal godot""|""ben affleck""|""batman v superman""|""superman""|""superhero""|""mk ultra""|""fitness""|""trending""|""youtube trending""|""trends""|""google trends""|""2017""|""film""|""justice league movie""|""justice league trailer""|""spoiler""|""leaked""|""tay zonday""|""fight""|""worldstar""|""wonder woman""|""stunt""",110,U18,28-05-2011,6,128040,56544,79189
126,"Russian Bots and Trolls | November 8, 2017 Act 2 | Full Frontal on TBS","Full Frontal with Samantha Bee|""Full Frontal""|""Samantha Bee""|""Sam Bee""|""TBS""|""Russia""",99,U13,01-07-2009,1,7128646,69729,99322
127,The Ultimate Red Lip Look | Nicole Guerriero,"nicole guerriero|""arriba liqud lipstick""|""colourpop cosmetics""|""classic glam""|""makeup tutorial""|""holiday glam""|""red lip makeup tutorial""|""how to wear a red lip""|""beauty vlogger""|""beauty guru""|""iluvsarahii""|""long lasting red lip""|""bulletproof makeup""|""long lasting makeup""",181,U13,28-03-2020,1,5531017,50376,86103
128,Sean Astin Knew Nothing About 'Lord Of The Rings' Once Upon A Time,"The Late Show|""Stephen Colbert""|""Colbert""|""Late Show""|""celebrities""|""late night""|""talk show""|""skits""|""bit""|""monologue""|""The Late Late Show""|""Late Late Show""|""letterman""|""david letterman""|""comedian""|""impressions""|""CBS""|""joke""|""jokes""|""funny""|""funny video""|""funny videos""|""humor""|""celebrity""|""celeb""|""hollywood""|""famous""|""James Corden""|""Corden""|""Comedy""",78,U21,10-04-2010,2,987504,45833,23976
129,Mean Tweets – Country Music Edition #3,"jimmy|""jimmy kimmel""|""jimmy kimmel live""|""late night""|""talk show""|""funny""|""comedic""|""comedy""|""clip""|""comedian""|""mean tweets""|""country music""|""cma awards""|""Zac Brown Band""|""Cassadee Pope""|""Blake Shelton""|""Luke Combs""|""Randy Houser""|""Old Dominion""|""Trace Adkins""|""Darius Rucker""|""Dan + Shay""|""Jana Kramer""|""Chris Young""|""Florida Georgia Line""|""Lady Antebellum""|""Chris Stapleton""|""Jake Owen""|""Little Big Town""|""justin moore""|""twitter""",123,U13,04-06-2019,2,4107130,65064,84503
130,Could Anastasia Become A Disney Princess?,"SuperCarlinBrothers|""disney""|""fox""|""disney princess""|""anastasia""|""is anastasia a disney princess""|""is anastasia disney""|""is disney buying fox""|""super carlin brothers""|""ben carlin""|""j carlin""|""jonathan carlin""|""moana""|""frozen""|""snubbed disney princesses""|""anna and elsa""|""could anastasia become a disney princess""|""don bluth""|""disney history""|""netflix""|""hercules""|""disney renaissance""|""meg ryan""|""the little mermaid""|""anastasia december""|""once upon december anastasia""|""once upon a december""|""anastasia music""",88,U13,09-04-2010,10,4660122,57133,3426
131,Sia - Snowman,Sia Snowman Holiday,99,U13,21-03-2021,3,7574700,46175,13848
132,Tesla's biggest problem is one nobody saw coming,"Business Insider|""Tesla""|""Elon Musk""|""Business""|""Sara Silverstein""|""Model 3""|""Battery""|""Gigafactory""",56,U21,16-03-2010,3,5136382,99000,7431
133,2CELLOS - Cinema Paradiso [OFFICIAL VIDEO],"2CELLOS|""Luka Sulic""|""Stjepan Hauser""|""cello""|""cellist""|""cellists""|""cover""|""Glee""|""The Piano Guys""|""crossover""|""2 Cellos""|""two cellos""|""Hauser""|""Ennio Morricone""|""Cinema Paradiso""|""movie""|""film""|""soundtrack""|""classical""|""music""|""passion""|""Oliver Dragojevic""|""LSO""|""London Symphony Orchestra""|""new album""|""score""",80,U18,31-03-2016,9,9713671,66760,10336
134,Sam Smith - The Thrill of It All ALBUM REVIEW,"album|""review""|""music""|""reviews""|""indie""|""underground""|""new""|""latest""|""lyrics""|""full song""|""listen""|""track""|""concert""|""live""|""performance""|""update""|""the needle drop""|""anthony fantano""|""vlog""|""talk""|""discussion""|""music nerd""|""pop""|""soul""|""sam smith""|""the thrill of it all""|""in the lonely hour""|""too good at goodbyes""|""say it first""|""pray""|""london""",25,U13,02-05-2011,6,3642771,87163,69561
135,Birthdays - Simon's Cat | GUIDE TO,"cartoon|""simons cat""|""simon's cat""|""simonscat""|""simon tofield""|""simon the cat""|""funny cats""|""cute cats""|""cat fails""|""family friendly""|""animated animals""|""animated cats""|""tofield""|""simon's katze""|""simon""|""cat""|""black and white""|""kitty""|""black and white cat""|""Кот Саймона""|""cat lovers""|""animal (film character)""|""fail""|""funny cat""|""cats""|""cute""|""kitten""|""kittens""|""pets""|""simons cats""|""Cat""|""Simon""|""Tofield""|""cartoons""|""Toons""|""Animated""|""Animation""|""Kitten""|""Funny""|""Humour""|""videos""|""Guide to Birthdays""|""Birthdays Simon's Cat""|""Cat Birthday""",78,U13,30-08-2014,2,2725719,44016,29352
136,Andy Grammer - The Good Parts (Official Audio),"andy|""grammer""|""the""|""good""|""parts""|""smoke""|""clears""|""new""|""music""|""album""|""singer""|""songwriter""|""pop""|""mu""",96,U18,19-07-2020,6,2551603,39566,6284
137,Remy Ma - Wake Me Up (Audio) ft. Lil' Kim,"Columbia|""Hip Hop""|""Remy Ma feat. Lil' Kim""|""Wake Me Up""",157,U13,13-05-2006,8,6407214,37657,98441
138,L.A. Noire - Nintendo Switch Trailer,"nintendo|""play""|""play nintendo""|""game""|""gameplay""|""fun""|""video game""|""kids""|""action""|""adventure""|""rpg""|""nintendo switch""|""pro controller""|""l.a. noire""|""la noire""|""noire""|""detective""|""crime""|""cole phelps""|""lapd""|""clues""|""detective game""|""hollywood""|""interrogate""|""thriller""|""l.a. noire for nintendo switch""|""real crimes""|""los angeles""|""abilities""|""skills""|""unlockables""|""Rockstar Games""",24,T21,28-09-2022,8,2946143,72377,99811
139,Everything I Wore This Week! Outfit Diary 1,"Dina|""Tokio""|""Dinatokio""|""Torkia""|""Hijab""|""Hijabi""|""Fashion""|""outfit diary""|""diary""|""outfits i wore this week""|""lookbook""|""modest""|""dressing""|""muslim""|""islam""|""cute""|""outfits""|""fashion""|""fashionista""|""blogging""|""blogger""|""instagram""|""logan paul""|""zoella""|""jake paul""|""2017""|""creative""|""looks""|""ideas""|""winter""|""autumn""|""spring""|""summer""|""fashion week""|""buzzfeed""|""buzzfeed boldly""|""what to wear""|""outfits of the week""|""outfit""|""outfit of the day""|""how to style""|""ootd""|""clothing""|""vlog""|""haul""|""outfit ideas""|""how to""|""makeup""|""style""|""fall looks""|""how to wear""|""ootw""",188,U13,05-07-2022,8,4542166,65972,64418
140,"President Bill Clinton On Dictators, Democracy, & Why We Need Immigrants More Than Ever",[none],103,U18,09-08-2012,1,2352853,93132,51583
141,"Pitbull, Stereotypes - Jungle (Lyric Video) ft. E-40, Abraham Mateo","Jungle|""Mr.305/Polo Grounds Music/RCA Records""|""Pitbull & Stereotypes feat. E-40 & Abraham Mateo""|""Pop""",114,U13,25-08-2008,7,2231513,98944,28740
142,A Day in The Life of David Letterman,"cbs|""late show""|""david letterman""|""dave letterman""|""letterman clips""|""celebrity guests""|""celebrity interviews""|""celebrities""|""late night""|""late night talk show""|""talk show""|""paul shaffer""|""Biff""|""the""|""late""|""show""|""david""|""letterman""|""comedy""|""“top 10”""|""top ten""|""list""|""celebrity""|""paul""|""shaffer""|""stupid""|""tricks""",65,U18,26-11-2005,6,9880970,60651,34627
143,Alicia Keys - When You Were Gone,[none],80,U21,21-03-2011,1,583235,93082,80841
144,Elbow - Golden Slumbers (John Lewis Advert 2017),"Elbow|""Golden""|""Slumbers""|""Polydor""|""Alternative""",22,U21,10-03-2008,4,4939590,43872,76282
145,MDNA SKIN: Express Yourself,"madonna|""skincare""|""beauty""|""face masks""|""masks""|""chrome clay mask""|""clay masks""|""clay mask""|""eye mask""|""face wash""|""routine""|""how to""|""express yourself""|""serum""|""haul""|""tutorial""|""commercial""",122,U13,11-03-2008,10,8406277,52506,12097
146,Live in the now!,"cash|""Wayne's""|""World""|""wayne""|""waynes""|""fender""|""strat""|""stratocaster""|""cassandra""",18,U18,12-03-2008,2,2957802,37624,46770
147,Sigrid - Strangers (Lyric Video),"Sigrid|""Strangers""|""Island""|""Records""|""Pop""",18,U13,13-03-2008,2,4829913,79895,67800
148,MØ - When I Was Young (Official Video),"Chess Club/RCA Victor|""MØ""|""Pop""|""When I Was Young""",109,U13,14-03-2008,3,4699589,85231,97379
149,The Script - Arms Open (Acoustic) [Audio],"the script|""the script new single""|""the script arms open""|""the script arms open acoustic""|""the script arms open acoustic version""|""rain""|""hall of fame""|""breakeven""|""superheroes""|""rain lyrics""|""for the first time""|""the man who can't be moved""|""if you could see me now""|""Arms Open (Acoustic)""|""Columbia""|""Pop""|""The Script""",99,U18,15-03-2008,6,5690803,98322,69728
150,Three meals that cost me $1.50 each,"brothers green eats|""budget cooking""|""cooking for the price of coffee""|""banana pancakes""|""falafel""|""cabbage rolls""|""steamed cabbage rolls""|""homemade almond milk""|""oat flour""|""homemade""|""recipe""|""cooking""|""simple cooking""|""simple recipes""|""budget cooking recipes""|""budget recipes""|""apple compote""|""apple jam""|""pear compote""",188,U13,16-03-2008,10,1744785,97191,98094
